sample_stamp_sec,sample_stamp_nanosec,actual_pos_stamp_sec,actual_pos_stamp_nanosec,actual_pos_x,actual_pos_y,actual_pos_z,target_pos_stamp_sec,target_pos_stamp_nanosec,target_pos_x,target_pos_y,target_pos_z,distance,distance_sum,hdg,hdg_target,hdg_distance,hdg_distance_total
1789313319,695856975,1789313319,659460763,19.898080825805664,14.075453758239746,57.49559783935547,1789313319,693659623,28.21394656294251,12.343791663327018,75.75943347792497,20.142492,20.142492,97.67375680609706,206.97943115234375,109.30567434624669,109.30567434624669
1789313320,195824908,1789313320,155701182,20.896486282348633,13.350459098815918,58.485816955566406,1789313320,192337870,29.031881943685704,12.580470091332757,78.27083908269294,21.406182,41.548674,97.82771610017829,208.23443603515625,110.40671993497796,219.71239428122465
1789313320,695844316,1789313320,656832232,21.898012161254883,12.885125160217285,59.479522705078125,1789313320,692335773,29.85144675620117,12.818332482069671,80.77193179858942,22.729458,64.278132,97.8385684169958,209.41531372070312,111.57674530370733,331.28913958493195
1789313321,195836658,1789313321,159347037,22.896936416625977,12.648155212402344,60.47547149658203,1789313321,192161857,30.670107407986194,13.05667425279254,83.25359335520137,24.071392,88.349524,97.80399314564355,210.51922607421875,112.7152329285752,444.0043725135072
1789313321,696185517,1789313321,660088739,23.89948844909668,12.591629028320312,61.47490692138672,1789313321,692173076,31.48836035207907,13.295668317430987,85.71601021370904,25.410977,113.760501,97.74512118386627,211.5480499267578,113.80292874289154,557.8073012563987
1789313322,195846429,1789313322,160297502,24.90184783935547,12.6654052734375,62.47358703613281,1789313322,192168969,32.30579687967017,13.535224083689421,88.15664375602984,26.743120,140.503621,97.70055334575831,212.50250244140625,114.80194909564794,672.6092503520466
1789313322,695910434,1789313322,656484750,25.90606689453125,12.826691627502441,63.47211456298828,1789313322,692167421,33.12234898728187,13.775350008828696,90.57401206555406,28.062208,168.565829,97.66099118253827,213.38392639160156,115.7229352090633,788.3321855611099
1789313323,195895591,1789313323,159387703,26.907732009887695,13.043508529663086,64.46954345703125,1789313323,192156781,33.93792189211129,14.016046650861767,92.9665763765066,29.367504,197.933333,97.62245098637287,214.1936798095703,116.57122882319744,904.9034143843073
1789313323,695855434,1789313323,656353386,27.9132137298584,13.290462493896484,65.4744873046875,1789313323,692160167,34.752454360796236,14.257324428218439,95.33292035243142,30.646958,228.580291,97.58821722447911,214.93331909179688,117.34510186731777,1022.2485162516251
1789313324,195820490,1789313324,160032029,28.911865234375,13.551112174987793,66.47708892822266,1789313324,193032042,35.56724898061955,14.499600124545132,97.67555034189729,31.914538,260.494829,97.56468978410933,215.60552978515625,118.04084000104692,1140.289356252672
1789313324,695842739,1789313324,657461932,29.912172317504883,13.813138008117676,67.47439575195312,1789313324,692490182,36.378515952312625,14.741773873721698,99.9824224169832,33.157922,293.652751,97.55224517944158,216.2090606689453,118.65681548950373,1258.9461717421757
1789313325,195796483,1789313325,158523265,30.911956787109375,14.069893836975098,68.4677734375,1789313325,193002144,37.1901634720962,14.985039894662997,102.26351308025042,34.386122,328.038873,97.55608972217064,216.74874877929688,119.19265905712624,1378.138830799302
1789313325,695829617,1789313325,660908216,31.919410705566406,14.3218412399292,69.46888732910156,1789313325,692792444,37.99923789258017,15.228542473466568,104.50935893123948,35.575568,363.614441,97.55637829766309,217.22454833984375,119.66817004218066,1497.8070008414827
1789313326,195855918,1789313326,160571953,32.922454833984375,14.567275047302246,70.46874237060547,1789313326,192114229,38.80606321066304,15.472404076259167,106.71985359736956,36.736619,400.351060,97.55704936374904,217.63885498046875,120.0818056167197,1617.8888064582025
1789313326,695816762,1789313326,660497835,33.92319107055664,14.808215141296387,71.46904754638672,1789313326,692179807,39.61250671587189,15.717218562389348,108.89901042667073,37.870790,438.221850,97.55693666562772,217.99468994140625,120.43775327577853,1738.326559733981
1789313327,195963743,1789313327,156376676,34.91909408569336,15.046401023864746,72.46731567382812,1789313327,192124598,40.41708753125957,15.962567036367538,111.04172188818791,38.975019,477.196869,97.5593186941008,218.29348754882812,120.73416885472733,1859.0607285887083
1789313327,695922411,1789313327,661047151,35.921226501464844,15.284222602844238,73.47098541259766,1789313327,692112818,41.219981056507066,16.2085314303687,113.14744340122338,40.039386,517.236255,97.56590641155525,218.53756713867188,120.97166072711663,1980.032389315825
1789313328,195941684,1789313328,161731690,36.92152404785156,15.522643089294434,74.47420501708984,1789313328,192138952,42.02109617688413,16.455112847554375,115.21494044988529,41.069242,558.305498,97.56722378429141,218.72918701171875,121.16196322742734,2101.194352543252
1789313328,695772490,1789313328,657599881,37.91923141479492,15.761687278747559,75.47708892822266,1789313328,693627189,42.822636178982094,16.703023674095128,117.2487860858044,42.069041,600.374538,97.55463574565107,218.87103271484375,121.31639696919268,2222.510749512445
1789313329,195801378,1789313329,160433057,38.91267013549805,16.00206756591797,76.47620391845703,1789313329,193412080,43.61940706874188,16.95068539731387,119.2349037581179,43.027429,643.401967,97.55057178309494,218.9646759033203,121.41410412022537,2343.9248536326704
1789313329,695840345,1789313329,656390246,39.91462707519531,16.244918823242188,77.47940826416016,1789313329,692247884,44.41258050455633,17.198481103624054,121.17561560961117,43.937449,687.339416,97.57357073757764,219.01309204101562,121.43952130343799,2465.3643749361086
1789313330,195926849,1789313330,160033173,40.91556167602539,16.48866844177246,78.4754638671875,1789313330,192104556,45.20520279063973,17.447391581717717,123.07751637265653,44.818113,732.157529,97.57177695914687,219.0189971923828,121.44722023323594,2586.8115951693444
1789313330,695854524,1789313330,657121806,41.91803741455078,16.735366821289062,79.46967315673828,1789313330,692151715,45.995862431249066,17.69700716641527,124.93626593455357,45.659221,777.816750,97.56439864729596,218.98480224609375,121.42040359879779,2708.231998768142
1789313331,195852463,1789313331,158984851,42.917964935302734,16.982616424560547,80.46450805664062,1789313331,192160099,46.78410766233159,17.947214781405087,126.75000428680562,46.456697,824.273447,97.56564174172492,218.91311645507812,121.34747471335321,2829.5794734814954
1789313331,696323879,1789313331,659767119,43.915184020996094,17.23021697998047,81.46519470214844,1789313331,692144247,47.56987633249122,18.198023408144458,128.51785305358862,47.204302,871.477748,97.57209456294329,218.806640625,121.23454606205671,2950.814019543552
1789313332,195856458,1789313332,161482986,44.88740539550781,17.480070114135742,82.46845245361328,1789313332,192146167,48.35315255711254,18.449456953288866,130.2390722750434,47.905983,919.383732,97.57557710564635,218.6680450439453,121.09246793829897,3071.906487481851
1789313332,695840069,1789313332,656847556,45.8205451965332,17.728910446166992,83.4710464477539,1789313332,692535834,49.13442746788891,18.70170388788656,131.9140236336794,48.565936,967.949668,97.57863105397897,218.4999237060547,120.92129265207572,3192.827780133927
1789313333,195820842,1789313333,160450113,46.711891174316406,17.978046417236328,84.47444152832031,1789313333,192802822,49.91281757579432,18.9545092419958,133.5401514222021,49.179704,1017.129372,97.58003124275885,218.30519104003906,120.72515979728021,3313.552939931207
1789313333,695846700,1789313333,656372931,47.5682487487793,18.22865104675293,85.47594451904297,1789313333,692133862,50.68698553359101,19.207462990660353,135.11421086068657,49.745774,1066.875147,97.57931236534868,218.08702087402344,120.50770850867475,3434.060648439882
1789313334,195836928,1789313334,157296262,48.39413833618164,18.480314254760742,86.47782897949219,1789313334,192534773,51.45995595107286,19.461583184401356,136.64178630433815,50.267134,1117.142281,97.57912880401476,217.84730529785156,120.2681764938368,3554.328824933719
1789313334,695861841,1789313334,658757507,49.19635009765625,18.7324275970459,87.47769165039062,1789313334,692691019,52.22960796568921,19.716205647668048,138.1180698524266,50.740678,1167.882958,97.57829893603059,217.58944702148438,120.01114808545378,3674.3399730191727
1789313335,195926358,1789313335,161628074,49.985572814941406,18.98691177368164,88.47718048095703,1789313335,192078890,52.995061929261254,19.97106367910372,139.54104580179,51.161938,1219.044897,97.57722915765183,217.31655883789062,119.7393296802388,3794.0793026994115
1789313335,695850580,1789313335,658448102,50.76605224609375,19.24030303955078,89.4743423461914,1789313335,692197441,53.75853888735142,20.2269258460301,140.9144239706068,51.536496,1270.581392,97.5755096575283,217.0306396484375,119.4551299909092,3913.5344326903205
1789313336,195824255,1789313336,160888312,51.5435791015625,19.496868133544922,90.4741439819336,1789313336,192067882,54.51844561083777,20.483289888776426,142.23489007185458,51.855546,1322.436939,97.57362794041194,216.7350311279297,119.16140318751775,4032.6958358778384
1789313336,695830883,1789313336,658911081,52.314247131347656,19.750944137573242,91.46898651123047,1789313336,692583874,55.276107290070655,20.740634414815872,143.50434729149225,52.128983,1374.565922,97.57812391243311,216.43197631835938,118.85385240592626,4151.549688283764
1789313337,195830465,1789313337,161611106,53.077186584472656,20.004058837890625,92.46674346923828,1789313337,192133440,56.02889164191927,20.99809292090727,144.71813611375177,52.344137,1426.910059,97.5772948982226,216.12525939941406,118.54796450119146,4270.097652784955
1789313337,695930051,1789313337,692424173,55.75044631958008,20.90891456604004,95.9738998413086,1789313337,692148724,56.77898410055218,21.256439426277424,145.87960114583348,49.917509,1476.827568,97.57698241706808,215.81674194335938,118.2397595262913,4388.337412311246
1789313338,196020265,1789313338,195192619,56.47514724731445,21.15482521057129,96.97577667236328,1789313338,192777167,57.526483628033674,21.515743521511624,146.98852419008114,50.025099,1526.852666,97.63445589761281,215.5090789794922,117.87462308187938,4506.212035393126
1789313338,695846561,1789313338,688913967,56.94404983520508,21.313499450683594,97.97660827636719,1789313338,692317813,58.26877899074651,21.77512622450839,148.04093165389617,50.083974,1576.936641,97.56234190658216,215.2060089111328,117.64366700455065,4623.855702397676
1789313339,196005668,1789313339,191892145,57.31358337402344,21.43796157836914,98.97530364990234,1789313339,192112283,59.00778660077452,22.035281951947248,149.039537817212,50.096454,1627.033094,97.56599264269352,214.9093780517578,117.3433854090643,4741.199087806741
1789313339,695960424,1789313339,692952604,57.71672058105469,21.574932098388672,99.96861267089844,1789313339,692352691,59.743713685078404,22.296317302817776,149.9844362416041,50.062079,1677.095173,97.57862849265805,214.62171936035156,117.04309086769351,4858.242178674434
1789313340,195872139,1789313340,194286857,58.190284729003906,21.74233055114746,100.9648666381836,1789313340,192178052,60.47519862545283,22.55777907792922,150.8738353078606,49.967899,1727.063072,97.57724537935113,214.3461151123047,116.76886973295356,4975.0110484073875
1789313340,695865140,1789313340,690970148,58.72743225097656,21.937028884887695,101.96241760253906,1789313340,692182706,61.203051144930754,22.819984914469934,151.7087595572067,49.815729,1776.878801,97.57575298301748,214.08477783203125,116.50902484901377,5091.520073256402
1789313341,195827047,1789313341,194106992,59.32274627685547,22.153369903564453,102.96719360351562,1789313341,192195333,61.92692990387576,23.082842689931766,152.48883666977318,49.598778,1826.477579,97.57521852071493,213.84027099609375,116.26505247537882,5207.785125731781
1789313341,695894057,1789313341,692337770,59.95934295654297,22.383268356323242,103.96859741210938,1789313341,692150626,62.646674590515175,23.34632360666479,153.21399212425212,49.328066,1875.805645,97.5746131951997,213.6150665283203,116.04045333312061,5323.825579064901
1789313342,195976817,1789313342,193368737,60.62797164916992,22.624467849731445,104.96884155273438,1789313342,192199182,63.36242497824827,23.61050888864687,153.88449387629623,49.001944,1924.807590,97.57766372843778,213.41143798828125,115.83377425984347,5439.659353324744
1789313342,695774602,1789313342,694610735,61.32075500488281,22.875093460083008,105.9677505493164,1789313342,692217167,64.07390456901905,23.875326659120105,154.50025108976416,48.620818,1973.428407,97.57875143606311,213.23178100585938,115.65302956979626,5555.312382894541
1789313343,195765416,1789313343,194867235,62.03419876098633,23.133329391479492,106.9727554321289,1789313343,192184773,64.78103332537879,24.140776399311846,155.06142712771134,48.177592,2021.606000,97.57438353008888,213.07830810546875,115.50392457537987,5670.8163074699205
1789313343,695928069,1789313343,690847446,62.75358581542969,23.394813537597656,107.97610473632812,1789313343,692577606,65.48440432446964,24.407113305545053,155.5686955495117,47.681619,2069.287619,97.57170011951872,212.95306396484375,115.38136384532503,5786.197671315245
1789313344,195898128,1789313344,190913053,63.47600173950195,23.65842628479004,108.97493743896484,1789313344,192207228,66.18225490547155,24.673697482591948,156.02114115301777,47.134911,2116.422530,97.5709411147472,212.8583984375,115.2874573227528,5901.485128637998
1789313344,695856750,1789313344,692192339,64.19683074951172,23.923757553100586,109.9686050415039,1789313344,692197512,66.87610730498702,24.941137539071562,156.4201586228005,46.539880,2162.962410,97.57363647814842,212.79603576660156,115.22239928845315,6016.707527926451
1789313345,195821808,1789313345,194181300,64.91743469238281,24.194087982177734,110.96928405761719,1789313345,192215912,67.5654144875877,25.209255497847792,156.765759309371,45.884197,2208.846607,97.57080451096381,212.7679901123047,115.19718560134088,6131.9047135277915
1789313345,695876207,1789313345,445036235,65.27287292480469,24.32909393310547,111.46879577636719,1789313345,692194868,68.25000140023326,25.478013233312055,157.05828538519137,45.701038,2254.547645,97.57053215717065,212.7760772705078,115.20554511333717,6247.110258641129
1789313346,195950216,1789313346,190698609,66.3290023803711,24.734542846679688,112.9687271118164,1789313346,192109303,68.92977154153087,25.747402172021566,157.29817994557533,44.417229,2298.964874,97.56783764754309,212.822021484375,115.25418383683191,6362.36444247796
1789313346,695836124,1789313346,693617175,67.0223617553711,25.00091552734375,113.96662139892578,1789313346,692205767,69.60498536077989,26.017556624291714,157.48602456573323,43.607820,2342.572694,97.56926430330596,212.90748596191406,115.3382216586081,6477.702664136568
1789313347,195865647,1789313347,195081588,67.71304321289062,25.268299102783203,114.96979522705078,1789313347,192217420,70.27520420872762,26.28833205524562,157.62223001026945,42.741494,2385.314188,97.56928820896806,213.0339813232422,115.46469311427413,6593.1673572508425
1789313347,695843623,1789313347,694127195,68.39599609375,25.53678321838379,115.97235870361328,1789313347,692262272,70.94053971867544,26.55980353930474,157.7074111172211,41.825063,2427.139251,97.56985340712187,213.2029571533203,115.63310374619844,6708.800460997041
1789313348,195769717,1789313347,944162552,68.7340087890625,25.67085075378418,116.47399139404297,1789313348,192195398,71.60066048562942,26.831865367213936,157.74216463661682,41.383907,2468.523158,97.56726818052103,213.41567993164062,115.8484117511196,6824.648872748161
1789313348,695853691,1789313348,690130606,69.73778533935547,26.07360076904297,117.97460174560547,1789313348,692203619,72.25581248079953,27.104648808024976,157.72717390393535,39.845583,2508.368742,97.56582274173793,213.67347717285156,116.10765443111363,6940.756527179275
1789313349,195819857,1789313349,192709490,70.40339660644531,26.34332275390625,118.97603607177734,1789313349,192103528,72.90566254942965,27.37804538820899,157.66314782771553,38.781756,2547.150498,97.56896462875612,213.97735595703125,116.40839132827513,7057.164918507549
1789313349,696026607,1789313349,695118303,71.06852722167969,26.61529541015625,119.97323608398438,1789313349,692165785,73.55049301966625,27.652204784299798,157.55078590969413,37.673699,2584.824197,97.57113577513854,214.32847595214844,116.7573401770099,7173.922258684559
1789313350,195839312,1789313350,194151772,71.7283935546875,26.88825035095215,120.96730041503906,1789313350,192221688,74.19001385557002,27.927035527595223,157.3908865745214,36.521450,2621.345646,97.56650832197586,214.72764587402344,117.16113755204758,7291.083396236607
1789313350,695847521,1789313350,445276904,72.05584716796875,27.02458953857422,121.46505737304688,1789313350,692094670,74.82393554896231,28.202442049228466,157.18435495321955,35.845751,2657.191397,97.56455061900502,215.1754913330078,117.6109407140028,7408.69433695061
1789313351,195919847,1789313351,193175128,73.03056335449219,27.438451766967773,122.96137237548828,1789313351,192134304,75.45263522455747,28.478618644671258,156.9319092250671,34.072654,2691.264051,97.56626414271305,215.67295837402344,118.10669423131039,7526.80103118192
1789313351,695915609,1789313351,694801494,73.67517852783203,27.715675354003906,123.96401977539062,1789313351,692140719,76.07578121201823,28.755451422906873,156.63453605716273,32.775092,2724.039143,97.56710767107553,216.22044372558594,118.6533360545104,7645.45436723643
1789313352,195873274,1789313351,946757098,73.99453735351562,27.85455322265625,124.46490478515625,1789313352,192223129,76.69345705570305,29.033008565039694,156.29309406963566,31.964145,2756.003288,97.56960922785903,216.81846618652344,119.2488569586644,7764.703224195094
1789313352,696022178,1789313352,442202997,74.63121795654297,28.12933349609375,125.467529296875,1789313352,692307447,77.30556222567358,29.31127693651092,155.9085553482587,30.581124,2786.584413,97.57230202993932,217.4673614501953,119.89505942025599,7884.59828361535
1789313353,195859114,1789313353,193186917,75.57249450683594,28.538488388061523,126.96955871582031,1789313353,192491211,77.91197432440666,29.590232316024895,155.48195384884662,28.627539,2815.211952,97.57325313378126,218.16726684570312,120.59401371192186,8005.192297327271
1789313353,695836527,1789313353,695199981,76.19332122802734,28.813098907470703,127.97391510009766,1789313353,692085932,78.5119290947323,29.86954830856257,155.01489858323296,27.160759,2842.372711,97.57476345936146,218.9173126220703,121.34254916270885,8126.53484648998
1789313354,195921757,1789313354,192271425,76.8055191040039,29.089427947998047,128.97381591796875,1789313354,192146062,79.10663879764184,30.14981925022275,154.5074801463938,25.659064,2868.031775,97.57068498265333,219.71905517578125,122.14837019312792,8248.683216683108
1789313354,695851370,1789313354,443442870,77.11003875732422,29.22780990600586,129.47372436523438,1789313354,692756711,79.69609746544697,30.43108397633047,153.9606158495189,24.652453,2892.684228,97.57166938366744,220.57257080078125,123.00090141711381,8371.684118100222
1789313355,195892281,1789313354,947731715,77.71601867675781,29.507539749145508,130.47195434570312,1789313355,192085304,80.27809513914531,30.71231120781718,153.37752765291225,23.079883,2915.764111,97.56882204855722,221.47430419921875,123.90548215066153,8495.589600250883
1789313355,696008936,1789313355,447771439,78.32294464111328,29.788965225219727,131.4750213623047,1789313355,692089235,80.85486593917989,30.994604991452945,152.75715665137045,21.466101,2937.230212,97.5711989543884,222.4273223876953,124.85612343330692,8620.44572368419
1789313356,195936397,1789313355,944937998,78.9227066040039,30.070785522460938,132.47181701660156,1789313356,192229383,81.42570935711032,31.27766238608416,152.1012760810279,19.825167,2957.055378,97.57001306279373,223.43014526367188,125.86013220087814,8746.305855885068
1789313356,695905948,1789313356,693378803,79.80987548828125,30.493501663208008,133.967529296875,1789313356,692228200,81.99025051705144,31.56132858837094,151.41146448432545,17.612074,2974.667453,97.57260341203646,224.4815673828125,126.90896397077604,8873.214819855844
1789313357,195849837,1789313356,944255202,80.10078430175781,30.634479522705078,134.46749877929688,1789313357,192106604,82.54844808767038,31.845610973351825,150.68897373483364,16.449746,2991.117199,97.57179659594075,225.580810546875,128.00901395093425,9001.223833806778
1789313357,695968900,1789313357,692622467,80.96575927734375,31.054946899414062,135.97181701660156,1789313357,692111469,83.100527576454,32.130655624264065,149.93470036923873,14.166033,3005.283232,97.57375686023254,226.7275390625,129.15378220226745,9130.377616009046
1789313358,195855151,1789313358,193824136,81.5324935913086,31.337787628173828,136.97665405273438,1789313358,192060855,83.64622466196636,32.416358188801865,149.15020441245687,12.402681,3017.685913,97.57409666214373,227.92031860351562,130.34622194137188,9260.723837950418
1789313358,695862580,1789313358,691117623,82.09363555908203,31.623451232910156,137.98052978515625,1789313358,692094650,84.18563250696616,32.70279909869477,148.33657458993326,10.620222,3028.306135,97.57237972334114,229.1583709716797,131.58599124833853,9392.309829198757
1789313359,195922189,1789313359,195418134,82.64937591552734,31.906055450439453,138.98133850097656,1789313359,192246046,84.71872461557993,32.9899981200528,147.49507096424765,8.828407,3037.134542,97.57572480848715,230.44053649902344,132.86481169053627,9525.174640889294
1789313359,695850196,1789313359,446228695,82.92491912841797,32.04749298095703,139.48220825195312,1789313359,692206126,85.24512091558441,33.27778102494254,146.62755975169904,7.612686,3044.747229,97.57397030364412,231.7646942138672,134.19072391022308,9659.365364799518
1789313360,196061811,1789313360,195294238,83.74311828613281,32.47563171386719,140.9833221435547,1789313360,192232419,85.76502475951452,33.566288790374415,145.73499265816233,5.277879,3050.025108,97.57515021882321,233.12998962402344,135.55483940520023,9794.920204204718
1789313360,695946345,1789313360,449637106,84.01123046875,32.61787796020508,141.48095703125,1789313360,692140028,86.27820302489457,33.855422801777436,144.8190607832002,4.220618,3054.245726,97.5761576717258,234.5343780517578,136.958220380032,9931.878424584751
1789313361,195883891,1789313361,192546097,84.80865478515625,33.04783630371094,142.86648559570312,1789313361,192134527,86.78481111721169,34.14530184551529,143.88078576175917,2.477585,3056.723312,97.57529194524851,235.97677612304688,138.40148417779835,10070.27990876255
1789313361,695744053,1789313361,443593225,85.07157135009766,33.191566467285156,143.21890258789062,1789313361,692168151,87.28473588233776,34.43589446805166,142.92167116347272,2.556325,3059.279636,97.57799926148076,237.45523071289062,139.87723145140987,10210.15714021396
1789313362,195843784,1789313361,946135452,85.59468078613281,33.48179244995117,143.7157745361328,1789313362,192145291,87.77783701675278,34.72715052409258,141.9433036891914,3.075507,3062.355143,97.5765452849612,238.96762084960938,141.3910755646482,10351.548215778608
1789313362,695872223,1789313362,447323177,86.11109161376953,33.771080017089844,143.94020080566406,1789313362,692203940,88.26419910965656,35.01915218930937,140.94683567028807,3.892787,3066.247930,97.57653077080921,240.5123748779297,142.9358441071205,10494.484059885728
1789313363,195877403,1789313363,192903072,86.87406158447266,34.20615768432617,143.809814453125,1789313363,192230996,88.74364353021898,35.31182465084974,139.93395846278915,4.442983,3070.690913,97.57954629932776,242.0870361328125,144.50748983348473,10638.991549719212
1789313363,695775841,1789313363,694636880,87.37367248535156,34.49817657470703,143.41954040527344,1789313363,692094626,89.21599748574701,35.60509108951405,138.9063908493528,4.998794,3075.689706,97.57516558674885,243.68899536132812,146.11382977457927,10785.105379493792
1789313364,195879287,1789313364,192796053,87.86732482910156,34.78960037231445,142.7678680419922,1789313364,192197911,89.6816078338012,35.899199887076094,137.86470946224705,5.344511,3081.034218,97.57496751126293,245.31739807128906,147.74243056002615,10932.84781005382
1789313364,695856193,1789313364,446234957,88.1097412109375,34.93400955200195,142.3378448486328,1789313364,692131521,90.14003459384669,36.19390630563582,136.81123134767014,6.021037,3087.055255,97.57987329463427,246.96852111816406,149.3886478235298,11082.236457877349
1789313365,195858010,1789313364,942054556,88.58943176269531,35.225521087646484,141.3336944580078,1789313365,192198487,90.5915012401781,36.489385397585764,135.7467874394451,6.067880,3093.123134,97.57898024740031,248.64093017578125,151.06194992838095,11233.298407805729
1789313365,695841967,1789313365,445974562,89.06438446044922,35.51832962036133,140.3067626953125,1789313365,692161719,91.03574609178953,36.78549828991915,134.67333319206915,6.101435,3099.224570,97.57863617662088,250.33135986328125,152.75272368666037,11386.05113149239
1789313366,195830439,1789313365,947490922,89.53504943847656,35.815589904785156,139.30078125,1789313366,192219828,91.47290268296653,37.08236593440107,133.59188549421538,6.160478,3105.385047,97.57579225660518,252.0379180908203,154.46212583421513,11540.513257326606
1789313366,695880693,1789313366,692508160,90.22428894042969,36.26164245605469,137.8199920654297,1789313366,692102609,91.90268785836534,37.3798268795739,132.50448563147464,5.685241,3111.070289,97.57364330833761,253.75706481933594,156.18342151099833,11696.696678837603
1789313367,195756578,1789313367,194857551,90.6721420288086,36.55778884887695,136.83120727539062,1789313367,192165734,92.32535766670914,37.67809057296917,131.4118164999011,5.775638,3116.845927,97.57598179435465,255.48728942871094,157.9113076343563,11854.60798647196
1789313367,695866523,1789313367,447264265,90.89161682128906,36.70417785644531,136.3367156982422,1789313367,692191474,92.74068320073413,37.977030185436504,130.31578493270396,6.425792,3123.271719,97.57724537935113,257.22509765625,159.64785227689887,12014.255838748859
1789313368,195842165,1789313367,947594708,91.32809448242188,37.00006103515625,135.33860778808594,1789313368,192121691,93.14857258956157,38.27660949848159,129.21795987907424,6.511993,3129.783712,97.57577945000051,258.96746826171875,161.39168881171824,12175.647527560577
1789313368,695852988,1789313368,471327146,92.80951690673828,38.03409194946289,131.841552734375,1789313368,692224573,93.54920458535526,38.576993648865695,128.11916435674,3.833804,3133.617516,97.58058192676066,260.7125244140625,163.13194248730184,12338.779470047879
1789313369,195927440,1789313368,974457353,93.22329711914062,38.330848693847656,130.85447692871094,1789313369,192256594,93.94238234599918,38.878070641698244,127.02122744518974,3.938317,3137.555832,97.59275930027715,262.4566650390625,164.86390573878535,12503.643375786663
1789313369,695864064,1789313369,478223568,93.52503204345703,38.54792404174805,129.9721221923828,1789313369,692649192,94.32824362436493,39.17998263834693,125.92504126460646,4.174148,3141.729980,97.57368087437801,264.19775390625,166.624073031872,12670.267448818535
1789313370,195860038,1789313369,990441428,93.73066711425781,38.700252532958984,129.08338928222656,1789313370,192293434,94.70608140384515,39.482200621609564,124.83391320298955,4.429551,3146.159531,97.55638342030497,265.9297790527344,168.3733956324294,12838.640844450963
1789313370,695832272,1789313370,478704276,93.92754364013672,38.851898193359375,128.12379455566406,1789313370,693158941,95.07719518160101,39.78580652556943,123.74532898534795,4.622212,3150.781743,97.56957849200778,267.6558837890625,170.0863052970547,13008.727149748018
1789313371,195820222,1789313370,976820300,94.14998626708984,39.02916717529297,127.12716674804688,1789313371,192892711,95.43989481842297,40.0894513300708,122.66549041704943,4.763887,3155.545631,97.57826478508476,269.3653259277344,171.78706114264963,13180.514210890668
1789313371,695809360,1789313371,478617605,94.40568542480469,39.23884963989258,126.12354278564453,1789313371,692446272,95.79484688032335,40.3936993672952,121.59370202289816,4.876772,3160.422403,97.58198211554053,271.0583190917969,173.47633697625633,13353.990547866924
1789313372,195829132,1789313371,974506535,94.69390106201172,39.480342864990234,125.11918640136719,1789313372,192455703,96.14241081988015,40.69889708286375,120.53007801141561,4.964169,3165.386571,97.58252682312683,272.7336730957031,175.15114627257628,13529.1416941395
1789313372,695922701,1789313372,476758461,95.00642395019531,39.744468688964844,124.1175537109375,1789313372,692602954,96.48235621152627,41.0048876311308,119.47649301237753,5.030554,3170.417126,97.58055631355128,274.3873596191406,176.80680330558934,13705.94849744509
1789313373,195975282,1789313372,982831211,95.33724975585938,40.02472686767578,123.11318969726562,1789313373,192177671,96.8141462117359,41.31121045805946,118.43580102623761,5.070920,3175.488046,97.58090465319894,276.01385498046875,178.4329503272698,13884.381447772359
1789313373,695883943,1789313373,475783494,95.67539978027344,40.31425094604492,122.11308288574219,1789313373,692125364,97.13840414733507,41.618469020594205,117.40720649996192,5.097709,3180.585755,97.57776532750167,277.61328125,179.96448407750165,14064.34593184986
1789313374,195814171,1789313373,977979239,96.01473999023438,40.61033248901367,121.11320495605469,1789313374,193318247,97.45562639983115,41.927206958052295,116.39021099243814,5.110478,3185.696233,97.57522961977232,279.1851501464844,178.39007947328793,14242.736011323148
1789313374,695787026,1789313374,479020368,96.35465240478516,40.91188430786133,120.11451721191406,1789313374,693892259,97.76453812440862,42.23623159442165,115.38999312660225,5.105174,3190.801407,97.57270159600576,280.72021484375,176.85248675225574,14419.588498075404
1789313375,195832227,1789313374,974737998,96.69297790527344,41.21844482421875,119.11565399169922,1789313375,193142331,98.06476310306839,42.54514891628672,114.40891177855863,5.078913,3195.880320,97.57173341669092,282.21368408203125,175.35804933465965,14594.946547410063
1789313375,695935133,1789313375,476911836,97.02629089355469,41.52839660644531,118.11714935302734,1789313375,692266581,98.35703027511494,42.85470514358616,113.44567571173665,5.035139,3200.915459,97.57068925152153,283.666259765625,173.90442948589651,14768.85097689596
1789313376,195836340,1789313375,978308217,97.34918975830078,41.83799743652344,117.12226104736328,1789313376,192155303,98.6417488679631,43.16538305122184,112.4999483534292,4.979803,3205.895262,97.57138422326959,285.0771179199219,172.49426630334773,14941.345243199306
1789313376,695899001,1789313376,474250422,97.66307830810547,42.14790725708008,116.12513732910156,1789313376,692120324,98.91854191706429,43.47682696366566,111.57396462589033,4.904629,3210.799891,97.57111101570283,286.4414978027344,171.12961321296848,15112.474856412275
1789313377,195823286,1789313376,976255731,97.9654769897461,42.458099365234375,115.12698364257812,1789313377,192220759,99.18739256199008,43.78905871759645,110.66874900949065,4.810446,3215.610337,97.57132104401977,287.7564697265625,169.81485131745728,15282.289707729731
1789313377,695864886,1789313377,478641947,98.26002502441406,42.768760681152344,114.1214828491211,1789313377,692685410,99.44836746967265,44.10220396009473,109.78501322482828,4.689904,3220.300241,97.56722036919683,289.01953125,168.54768911919683,15450.837396848929
1789313378,195937108,1789313377,976249023,98.54540252685547,43.07925033569336,113.1231918334961,1789313378,192300910,99.70082365781204,44.41550872262103,108.92585450286902,4.553924,3224.854165,97.56802120887704,290.2248229980469,167.34319821083017,15618.180595059759
1789313378,695860176,1789313378,478868250,98.82323455810547,43.39048385620117,112.1375732421875,1789313378,692133071,99.94528525990641,44.72963590613493,108.09037769027202,4.408188,3229.262352,97.56962459578467,291.3721618652344,166.19746273055028,15784.378057790309
1789313379,195835986,1789313378,974328367,99.092529296875,43.70032501220703,111.17770385742188,1789313379,192118173,100.18169875387993,45.044562558224,107.27960941590612,4.264787,3233.527139,97.5690320768742,292.4585876464844,165.1104444303898,15949.488502220698
1789313379,695815022,1789313379,478616629,99.35443115234375,44.010986328125,110.24404907226562,1789313379,693615476,100.41062770501311,45.361130774567556,106.49242167589878,4.124700,3237.651839,97.569973789206,293.48394775390625,164.08602603529977,16113.574528255998
1789313380,195875128,1789313379,974506882,99.60602569580078,44.323055267333984,109.35568237304688,1789313380,192409945,100.63016323203476,45.676691542176656,105.73616509844581,3.997761,3241.649600,97.56938639293737,294.4372253417969,163.13216105114049,16276.706689307139
1789313380,695861172,1789313380,476223384,99.85202026367188,44.63633346557617,108.4995346069336,1789313380,692878275,100.84222177069337,45.99399451561338,105.00498843209279,3.877576,3245.527176,97.56901073253304,295.32427978515625,162.2447309473768,16438.951420254514
1789313381,195837085,1789313380,978240770,100.09144592285156,44.95119094848633,107.67286682128906,1789313381,192136502,101.04555235046665,46.311218660245544,104.30391189088357,3.756308,3249.283484,97.57118614778369,296.13739013671875,161.43379601106494,16600.38521626558
1789313381,695988351,1789313381,474966511,100.32337951660156,45.269229888916016,106.8685531616211,1789313381,692262279,101.24100877756878,46.62971765229605,103.63066466829969,3.629999,3252.913483,97.57020686941142,296.8776550292969,160.69255184011456,16761.077768105693
1789313382,195846206,1789313381,976250819,100.54784393310547,45.58841323852539,106.09638977050781,1789313382,192129645,101.42805723489509,46.94867898865337,102.98772224042904,3.505554,3256.419038,97.57024870432008,297.5406494140625,160.02959929025758,16921.10736739595
1789313382,695895514,1789313382,478655202,100.76248168945312,45.90570068359375,105.35424041748047,1789313382,692721702,101.60709118326433,47.268825835136084,102.37433340607254,3.383980,3259.803018,97.57074218548762,298.12548828125,159.44525390423763,17080.552621300187
1789313383,195898340,1789313382,977095679,100.96673583984375,46.221500396728516,104.64077758789062,1789313383,192137053,101.77739935874637,47.588900665227996,101.79349156388746,3.260981,3263.063999,97.57010527034753,298.6277160644531,158.94238920589441,17239.49501050608
1789313383,695941754,1789313383,478229128,101.16371154785156,46.540157318115234,103.95333099365234,1789313383,692116308,101.93957709535735,47.91002545996962,101.24368161279324,3.133801,3266.197799,97.5716847515931,299.04718017578125,158.52450457581187,17398.019515081894
1789313384,195896624,1789313383,976462013,101.3522720336914,46.85691452026367,103.29820251464844,1789313384,192511679,102.09353506282162,48.232107743893366,100.72569848404123,3.009718,3269.207518,97.57187685066351,299.38140869140625,158.19046815925725,17556.20998324115
1789313384,695857563,1789313384,479377546,101.53296661376953,47.17369842529297,102.67770385742188,1789313384,692200623,102.23891471918762,48.554414862048404,100.2411858566269,2.888141,3272.095659,97.57162327989055,299.6278076171875,157.94381566270306,17714.153798903855
1789313385,195916326,1789313384,978524184,101.70649719238281,47.4940185546875,102.0941162109375,1789313385,192257369,102.37604434325894,48.87769233843511,99.7894465850692,2.770261,3274.865920,97.5727314780834,299.7851867675781,157.78754471050524,17871.94134361436
1789313385,695850265,1789313385,474672079,101.87223815917969,47.81753921508789,101.53893280029297,1789313385,692703338,102.5048380080975,49.20181325772651,99.37113574162704,2.648724,3277.514645,97.57341791209498,299.8515930175781,157.72182489451689,18029.663168508876
1789313386,195929207,1789313385,977866978,102.02897644042969,48.13853454589844,101.015380859375,1789313386,192521525,102.62508431983926,49.52625887399398,98.98725279367434,2.528720,3280.043365,97.572413874287,299.8253479003906,157.74706597389638,18187.410234482773
1789313386,695908617,1789313386,476392362,102.1777572631836,48.46076583862305,100.52175903320312,1789313386,692167369,102.73688542707002,49.851288830604204,98.63773342454652,2.407432,3282.450798,97.5703187137591,299.70513916015625,157.86517955360284,18345.275414036376
1789313387,195909120,1789313386,977257890,102.31730651855469,48.78427505493164,100.06090545654297,1789313387,192150699,102.8403216539036,50.177179413254805,98.3225646910293,2.288134,3284.738932,97.56915331273196,299.4894104003906,158.07974291234132,18503.355156948717
1789313387,695948739,1789313387,474712995,102.44791412353516,49.10939025878906,99.63461303710938,1789313387,692115808,102.9353201907274,50.50375787019708,98.04216930307108,2.172027,3286.910959,97.57197076576459,299.17694091796875,158.39502984779585,18661.750186796515
1789313388,195845521,1789313387,975928172,102.56674194335938,49.424591064453125,99.24748229980469,1789313388,192077553,103.02186827617591,50.83101417268081,97.7967361948705,2.071191,3288.982149,97.56857274665252,298.7666015625,158.80197118415253,18820.552157980666
1789313388,695894291,1789313388,478166776,102.66266632080078,49.69703674316406,98.92753601074219,1789313388,692467649,103.10002683602654,51.15925738225147,97.58621678248102,2.031874,3291.014023,97.62274126941257,298.25677490234375,159.36596636706884,18979.918124347736
1789313389,195821918,1789313388,976076480,102.70502471923828,49.81961441040039,98.8071517944336,1789313389,192872442,103.16969296655621,51.48813114990877,97.41096906299948,2.224678,3293.238701,97.57814867186887,297.6470031738281,159.93114549804073,19139.849269845778
1789313389,695817324,1789313389,475660123,102.73706817626953,49.92156219482422,98.75132751464844,1789313389,692875556,103.23083049216383,51.81744403758006,97.27108932987473,2.455458,3295.694159,97.74647356132196,296.9369812011719,160.8094923601501,19300.658762205927
1789313390,195809856,1789313389,978198271,102.81832885742188,50.21598434448242,98.48078155517578,1789313390,193006610,103.2834985993134,52.14751367344721,97.16641151044541,2.382175,3298.076334,97.64790710140949,296.1254577636719,161.5224493377376,19462.181211543666
1789313390,695816258,1789313390,474943136,102.92450714111328,50.63037872314453,98.1203842163086,1789313390,693394634,103.32769669415187,52.47842952289567,97.09689571834825,2.150670,3300.227004,97.61344025931032,295.21148681640625,162.40195344290407,19624.58316498657
1789313391,196500762,1789313390,977704134,103.03096771240234,51.073177337646484,97.81736755371094,1789313391,192251713,103.3632982825076,52.80904074554158,97.0625569002888,1.921823,3302.148827,97.60382249918528,294.1982727050781,163.40554979410717,19787.988714780677
1789313391,695831801,1789313391,479232013,103.10417175292969,51.394004821777344,97.68063354492188,1789313391,692058399,103.39048099510174,53.14087196946973,97.06302450692482,1.874822,3304.023649,97.67859087248215,293.0810546875,164.59753618498212,19952.586250965658
1789313392,195842569,1789313391,978901611,103.12755584716797,51.502197265625,97.69081115722656,1789313392,192205684,103.40918791034943,53.47364026651499,97.09823666903065,2.077751,3306.101400,97.60450978697051,291.8602294921875,165.74428029478304,20118.330531260443
1789313392,695766225,1789313392,475607816,103.13645935058594,51.543174743652344,97.70964050292969,1789313392,694048776,103.41941268801092,53.8082164586759,97.16826711742578,2.345967,3308.447367,97.64614405882998,290.6737060546875,166.97243800414248,20285.302969264583
1789313393,195836249,1789313392,977212315,103.1658935546875,51.7461051940918,97.61140441894531,1789313393,192524879,103.42109407626685,54.14119772431424,97.27194883443963,2.432453,3310.879820,97.7524277787309,289.1104736328125,168.64195414591842,20453.9449234105
1789313393,695844623,1789313393,479539304,103.22122192382812,52.19805145263672,97.4861068725586,1789313393,692508690,103.4142971076625,54.47585461400753,97.40978207224101,2.287245,3313.167065,97.6655930224916,287.5824890136719,170.08310400881976,20624.02802741932
1789313394,195866198,1789313393,977436936,103.2760009765625,52.73418426513672,97.41901397705078,1789313394,192235962,103.39901533690794,54.811005460280015,97.58103598406922,2.086761,3315.253826,97.65672060675973,285.9534912109375,171.70322939582223,20795.731256815143
1789313394,695826160,1789313394,478620158,103.31687927246094,53.22507858276367,97.41767120361328,1789313394,692096045,103.37524251755195,55.146908803282585,97.78541507493364,1.957568,3317.211394,97.70002998251314,284.22271728515625,173.47731269735687,20969.2085695125
1789313395,195937854,1789313394,974471213,103.33502197265625,53.48497009277344,97.43604278564453,1789313395,193056220,103.34290498539764,55.484213112640816,98.02297334665157,2.083632,3319.295026,97.68229368878592,282.3871765136719,175.29511717511406,21144.503686687614
1789313395,695828072,1789313395,476957349,103.34248352050781,53.56843948364258,97.45186614990234,1789313395,692199925,103.30221375347882,55.82095271277862,98.29175437158591,2.404340,3321.699366,97.66854537176033,280.45849609375,177.21004927801033,21321.713735965626
1789313396,195856318,1789313395,978986561,103.34496307373047,53.79104995727539,97.58233642578125,1789313396,192245643,103.25297053755973,56.15899297596005,98.59261905014193,2.576099,3324.275465,97.71884715367653,278.42718505859375,179.29166209508276,21501.005398060708
1789313396,695866658,1789313396,481926565,103.33609771728516,54.249237060546875,97.80796813964844,1789313396,692143855,103.1952817406718,56.49752430483288,98.92432468453732,2.514135,3326.789601,97.6928557225637,276.2989501953125,178.6060944727488,21679.61149253346
1789313397,195784147,1789313396,979622101,103.3155746459961,54.77262496948242,98.06620025634766,1789313397,192318502,103.12907728545831,56.836978221366024,99.286677195967,2.405390,3329.194990,97.69732266628088,274.07220458984375,176.37488192356287,21855.98637445702
1789313397,695845990,1789313397,477860339,103.28251647949219,55.28240966796875,98.33872985839844,1789313397,692177088,103.05447897770088,57.176779214508855,99.67838652531375,2.331377,3331.526367,97.69387342075004,271.75201416015625,174.0581407394062,22030.044515196427
1789313398,195788022,1789313397,978164038,103.23880004882812,55.76176834106445,98.63301086425781,1789313398,193094805,102.9712432005392,57.51800141643446,100.10003637834481,2.303933,3333.830299,97.68739413254865,269.332275390625,171.64488125807634,22201.6893964545
1789313398,695886576,1789313398,480549354,103.185791015625,56.2058219909668,98.95613098144531,1789313398,692587532,102.8798130047689,57.858900157956214,100.5486953656244,2.315718,3336.146018,97.68551241543229,266.8269958496094,169.14148343417708,22370.83087988868
1789313399,195936443,1789313398,976064634,103.12521362304688,56.621299743652344,99.30964660644531,1789313399,192073504,102.77997576199152,58.20044163035105,101.02472986453424,2.356775,3338.502793,97.68478926915391,264.23114013671875,166.54635086756485,22537.377230756243
1789313399,695943388,1789313399,550977025,102.84217834472656,57.956233978271484,100.77348327636719,1789313399,692146076,102.67160932429336,58.54303484582047,101.52793059432544,0.970886,3339.473679,97.68352226906286,261.5432434082031,163.85972113914028,22701.236951895382
1789313400,195812888,1789313400,54342586,102.7508544921875,58.32861328125,101.21440887451172,1789313400,192099948,102.55486932340634,58.88619148009397,102.05675357475005,1.029004,3340.502682,97.67296791924791,258.76885986328125,161.09589194403333,22862.332843839416
1789313400,695850432,1789313400,556506676,102.6906509399414,58.56249237060547,101.49602508544922,1789313400,692771274,102.42955741830492,59.23049127936825,102.61123579650062,1.325929,3341.828611,97.66055831929965,255.9051971435547,158.24463882425505,23020.57748266367
1789313401,195920153,1789313401,53353465,102.67186737060547,58.6373176574707,101.53490447998047,1789313401,192158768,102.29621109212661,59.57453649147351,103.18815206441809,1.937195,3343.765806,97.68223307085702,252.96615600585938,155.28392293500235,23175.861405598673
1789313401,695810119,1789313401,553348752,102.66728973388672,58.65480422973633,101.5033187866211,1789313401,692964018,102.15411402413967,59.920207666100396,103.78969427565355,2.663101,3346.428907,97.66155381937118,249.93789672851562,152.27634290914443,23328.137748507816
1789313402,195861197,1789313402,57328932,102.61470794677734,58.783958435058594,101.64688873291016,1789313402,192129283,102.00415904226656,60.26538533749543,104.4111618930452,3.195090,3349.623998,97.6543607764015,246.84133911132812,149.1869783349266,23477.324726842744
1789313402,695860677,1789313402,553344932,102.50045776367188,59.058494567871094,102.08365631103516,1789313402,692345430,101.84557054686614,60.611927603260256,105.05483153532589,3.416126,3353.040123,97.68063822168583,243.6624298095703,145.9817915878845,23623.30651843063
1789313403,195875999,1789313403,54658560,102.3568344116211,59.39314270019531,102.7791976928711,1789313403,192460215,101.67870953988516,60.959035669194066,105.7182127564009,3.398483,3356.438606,97.68842122224508,240.4108123779297,142.7223911556846,23766.02890958631
1789313403,695851679,1789313403,556403562,102.20195007324219,59.747100830078125,103.55773162841797,1789313403,692139194,101.50372446313987,61.30646801689271,106.39972234460137,3.316030,3359.754636,97.6885731939541,237.0915069580078,139.40293376405373,23905.431843350365
1789313404,195839325,1789313404,53374123,102.04106140136719,60.109066009521484,104.29563903808594,1789313404,192190091,101.32034908470082,61.65479638664834,107.09935846717627,3.281699,3363.036335,97.68799348164829,233.70179748535156,136.01380400370329,24041.445647354067
1789313404,695848303,1789313404,554456633,101.8738021850586,60.478355407714844,104.98201751708984,1789313404,692186164,101.12875711920559,62.003716218801756,107.81537830221964,3.302991,3366.339327,97.68642680700742,230.24740600585938,132.56097919885195,24174.00662655292
1789313405,195799547,1789313405,55566645,101.69976043701172,60.85187911987305,105.65742492675781,1789313405,192736981,100.92872937036455,62.35364576499228,108.54748721784101,3.346977,3369.686303,97.68700908063418,226.72702026367188,129.04001118303768,24303.04663773596
1789313405,695934430,1789313405,556789823,101.51667022705078,61.2286376953125,106.34906768798828,1789313405,692164544,100.72097045700986,62.70341623124601,109.29201993959646,3.386603,3373.072906,97.68802250995229,223.1554718017578,125.46744929180552,24428.514087027765
1789313406,195793319,1789313406,56660656,101.32817840576172,61.60279083251953,107.06121063232422,1789313406,193522451,100.50421385886557,63.055168102465856,110.05233818552216,3.425662,3376.498568,97.68839304771474,219.5138702392578,121.82547719154307,24550.339564219306
1789313406,695837099,1789313406,554709369,101.13282012939453,61.97171401977539,107.7889404296875,1789313406,692621113,100.28029771140861,63.4059701707463,110.82085517136449,3.460692,3379.959261,97.6856234060063,215.83570861816406,118.15008521215776,24668.489649431463
1789313407,195819873,1789313407,55673876,100.9310302734375,62.332008361816406,108.527587890625,1789313407,192388293,100.04800419236582,63.757829388198445,111.60065736772914,3.500922,3383.460183,97.68427444364521,212.10337829589844,114.41910385225323,24782.90875328372
1789313407,695848685,1789313407,553034861,100.72065734863281,62.68829345703125,109.28053283691406,1789313407,692520901,99.80744701325044,64.110578531857,112.39012056040579,3.539263,3386.999446,97.68392012758203,208.32180786132812,110.6378877337461,24893.546641017463
1789313408,195778919,1789313408,57249609,100.5029525756836,63.040016174316406,110.0421371459961,1789313408,193883687,99.55821241828828,64.46481056788006,113.18930342838091,3.581512,3390.580958,97.68355385868776,204.4877471923828,106.80419333369505,25000.350834351157
1789313408,695777665,1789313408,552818445,100.27982330322266,63.38718032836914,110.80975341796875,1789313408,694017065,99.30154562978358,64.81879605997045,113.9929854198977,3.624847,3394.205805,97.6821383019823,200.62332153320312,102.94118323122082,25103.29201758238
1789313409,195840351,1789313409,56365126,100.05166625976562,63.732261657714844,111.58541870117188,1789313409,192490941,99.0377816990801,65.17220405530142,114.79904756666971,3.664534,3397.870339,97.68189753781407,196.73583984375,99.05394230593593,25202.345959888313
1789313409,695828891,1789313409,558013165,99.81306457519531,64.08123016357422,112.37191009521484,1789313409,692318638,98.76535377919903,65.52718397954912,115.61105001061966,3.698717,3401.569056,97.68067749527357,192.80514526367188,95.1244677683983,25297.47042765671
1789313410,195800167,1789313410,56824618,99.565185546875,64.43181610107422,113.16079711914062,1789313410,193890363,98.48400524128476,65.88401988124897,116.42830375553407,3.735565,3405.304621,97.6824815189881,188.83135986328125,91.14887834429315,25388.619306001005
1789313410,695815114,1789313410,556104208,99.30802917480469,64.78536224365234,113.95643615722656,1789313410,692615121,98.19637389428779,66.23943769636324,117.24194503325467,3.760942,3409.065562,97.68543813712506,184.8545684814453,87.16913034432025,25475.788436345323
1789313411,195811310,1789313411,52889664,99.04364013671875,65.1396255493164,114.75914001464844,1789313411,192794463,97.90007260273065,66.59646708155867,118.05753817083622,3.782798,3412.848361,97.68411649552067,180.84451293945312,83.16039644393246,25558.948832789254
1789313411,695827256,1789313411,556305173,98.76941680908203,65.49641418457031,115.57051086425781,1789313411,692668817,97.59611034727826,66.95390270100593,118.87094446472751,3.793914,3416.642275,97.68232698595811,176.81825256347656,79.13592557751845,25638.08475836677
1789313412,195931661,1789313412,55521640,98.49006652832031,65.85250854492188,116.38377380371094,1789313412,192154429,97.28462545494341,67.31164044196535,119.68054990095393,3.801432,3420.443707,97.68268557088953,172.78062438964844,75.0979388187589,25713.18269718553
1789313412,695830673,1789313412,556941668,98.20417022705078,66.20870208740234,117.1966552734375,1789313412,692171742,96.96505947869456,67.67035954370755,120.48650093637617,3.807220,3424.250927,97.68121622644433,168.7275390625,71.04632283605567,25784.229020021587
1789313413,195755095,1789313413,54190137,97.91030883789062,66.56401062011719,118.00789642333984,1789313413,193967656,96.63659883027441,68.03095807467881,121.28937275574782,3.813444,3428.064371,97.68413357099358,164.6525115966797,66.9683780256861,25851.197398047272
1789313413,695834923,1789313413,554647692,97.60791015625,66.92152404785156,118.81806945800781,1789313413,692651173,96.3025317896234,68.38989881453587,122.07992776671668,3.807868,3431.872239,97.68438201912464,160.59912109375,62.91473907462536,25914.112137121898
1789313414,195799852,1789313414,56961855,97.29923248291016,67.27642822265625,119.62191009521484,1789313414,193700404,95.95923119046167,68.751137758997,122.86550145906475,3.806738,3435.678977,97.68179850007108,156.52633666992188,58.84453816985079,25972.95667529175
1789313414,695860616,1789313414,554394442,96.98129272460938,67.63451385498047,120.4198226928711,1789313414,692137148,95.6101623947439,69.11107507183544,123.63688861138479,3.796017,3439.474994,97.67990995276557,152.47836303710938,54.798453084343805,26027.75512837609
1789313415,195835280,1789313415,54239455,96.6556625366211,67.99457550048828,121.2120590209961,1789313415,192346594,95.25231353993246,69.47287612878723,124.39951632150033,3.783470,3443.258464,97.68279314636895,148.4231719970703,50.74037885070135,26078.49550722679
1789313415,695846388,1789313415,558406720,96.31932830810547,68.35818481445312,122.00057220458984,1789313415,692741626,94.88681902260132,69.83539423419244,125.14950996274604,3.761654,3447.020118,97.68410881155785,144.37730407714844,46.69319526559059,26125.18870249238
1789313416,195764578,1789313416,57854707,95.9752426147461,68.72034454345703,122.77619171142578,1789313416,193986975,94.51321797119617,70.19910712045662,125.88643207077858,3.741370,3450.761488,97.68254299069064,140.3390655517578,42.65652256106716,26167.84522505345
1789313416,695747144,1789313416,553302332,95.62290954589844,69.08242797851562,123.54096221923828,1789313416,693970516,94.13313745381805,70.56248099091532,126.60582506054362,3.715288,3454.476776,97.68327638225274,136.32901000976562,38.64573362751287,26206.490958680963
1789313417,195815051,1789313417,56501303,95.26598358154297,69.4417724609375,124.29753875732422,1789313417,193949112,93.7456961128322,70.92642513001029,127.30819599851323,3.685041,3458.161816,97.68240553313358,132.3405303955078,34.65812486237422,26241.149083543336
1789313417,695800471,1789313417,558086296,94.90177154541016,69.80142211914062,125.04170227050781,1789313417,693567018,93.35121799490072,71.29068383642775,127.99172832390533,3.650311,3461.812127,97.68292377373686,128.3798828125,30.69695903876314,26271.8460425821
1789313418,195870831,1789313418,55536444,94.53044128417969,70.16431427001953,125.77586364746094,1789313418,192178474,92.95031761742035,71.65475711694063,128.65424082030404,3.606004,3465.418132,97.67986641030963,124.45575714111328,26.775890730803667,26298.621933312905
1789313418,695889358,1789313418,553128406,94.15216827392578,70.52786254882812,126.49354553222656,1789313418,692190083,92.5410720983767,72.02042639141216,129.2976384289037,3.561785,3468.979917,97.68136392928517,120.55237579345703,22.871011864171862,26321.492945177077
1789313419,195946144,1789313419,55610448,93.76632690429688,70.89130401611328,127.19285583496094,1789313419,192162519,92.1246895860022,72.3866301778774,129.91866407326043,3.515822,3472.495739,97.6824763963462,116.68456268310547,19.002086286759265,26340.495031463837
1789313419,695888012,1789313419,557726253,93.37328338623047,71.25668334960938,127.86902618408203,1789313419,692117827,91.70121015336389,72.75337669544547,130.51605404257427,3.470256,3475.965995,97.68131953305554,112.8554916381836,15.174172105128036,26355.669203568967
1789313420,195809829,1789313420,54939173,92.97350311279297,71.62248229980469,128.52859497070312,1789313420,192162418,91.27058494011897,73.12074958352146,131.08867634777127,3.420344,3479.386339,97.68345567471849,109.0675048828125,11.384049208094012,26367.05325277706
1789313420,695807132,1789313420,560846903,92.56749725341797,71.98641204833984,129.1619110107422,1789313420,692563343,90.83262020537175,73.48894919777017,131.63556336809273,3.374370,3482.760708,97.6818095991285,105.3217544555664,7.639944856437921,26374.693197633496
1789313421,195801700,1789313421,54054042,92.15189361572266,72.35081481933594,129.77633666992188,1789313421,194025030,90.38675263220067,73.85846947122823,132.1561072538411,3.324463,3486.085171,97.68119658965048,101.61652374267578,3.9353271530252982,26378.62852478652
1789313421,695768436,1789313421,556108516,91.727783203125,72.71797180175781,130.3678741455078,1789313421,693978909,89.93531307405067,74.22742890381913,132.64649772162142,3.268568,3489.353739,97.68046746695659,97.9736099243164,0.2931424573598065,26378.921667243878
1789313422,195813039,1789313422,58215809,91.29458618164062,73.08705139160156,130.9404754638672,1789313422,193130357,89.4777611224788,74.5963471837769,133.106459301261,3.204733,3492.558472,97.68193937272271,94.3904037475586,3.2915356251641015,26382.213202869043
1789313422,695804770,1789313422,554688655,90.85541534423828,73.4565658569336,131.4840545654297,1789313422,692808434,89.01295249849309,74.96619391780055,133.53608419212262,3.143958,3495.702430,97.6813613679642,90.86026763916016,6.821093728804044,26389.03429659785
1789313423,195771948,1789313423,58044345,90.41096496582031,73.82615661621094,131.99978637695312,1789313423,193774212,88.54019547662408,75.33753638165466,133.93474096073467,3.086761,3498.789192,97.68220062745849,87.38087463378906,10.301325993669423,26399.33562259152
1789313423,695833266,1789313423,557050052,89.96180725097656,74.1943130493164,132.4850311279297,1789313423,694089866,88.06135145771727,75.70894655785739,134.29974259440817,3.032989,3501.822181,97.68261726899784,83.96841430664062,13.714202962357206,26413.049825553877
1789313424,195795887,1789313424,53548096,89.50434112548828,74.56382751464844,132.9451904296875,1789313424,192996678,87.57728997763864,76.07982212968078,134.62965271095808,2.974757,3504.796938,97.68041965563239,80.63053894042969,17.049880715202704,26430.09970626908
1789313424,695700774,1789313424,557839246,89.04275512695312,74.9318618774414,133.3734588623047,1789313424,694308764,87.08430492884723,76.45303286614302,134.92589374832275,2.925670,3507.722607,97.68034366977788,77.34410095214844,20.336242717629432,26450.43594898671
1789313425,195791493,1789313425,59492069,88.57331848144531,75.30184173583984,133.7686767578125,1789313425,193969856,86.58643205277744,76.82555667543612,135.18499070741152,2.876694,3510.599302,97.67902544326807,74.13825988769531,23.54076555557276,26473.97671454228
1789313425,695854742,1789313425,555193775,88.09634399414062,75.6727294921875,134.1268310546875,1789313425,692326239,86.08350975949242,77.19759668626183,135.40646019357618,2.830931,3513.430233,97.68096948586059,71.0128402709961,26.668129214864507,26500.644843757145
1789313426,195712933,1789313426,59813033,87.6087646484375,76.0465316772461,134.45416259765625,1789313426,194008817,85.57080949682944,77.57266939349606,135.5912455747623,2.788425,3516.218658,97.67885724985976,67.94092559814453,29.73793165171523,26530.38277540886
1789313426,695766819,1789313426,553841002,87.11579895019531,76.42015075683594,134.74684143066406,1789313426,693992788,85.05353815569993,77.9469891504454,135.73640545277817,2.750162,3518.968820,97.68101729718478,64.95594787597656,32.72506942120822,26563.10784483007
1789313427,195764070,1789313427,56070787,86.61723327636719,76.79276275634766,135.0048370361328,1789313427,194145210,84.52986557266397,78.32194329486691,135.84181165292475,2.719563,3521.688384,97.67922864139588,62.04840850830078,35.630820133095085,26598.738664963163
1789313427,695802740,1789313427,557713336,86.11439514160156,77.16521453857422,135.2248077392578,1789313427,693945464,84.000385492503,78.69715312747408,135.90657301437366,2.698273,3524.386656,97.67997996220457,59.22300720214844,38.456972760056146,26637.19563772322
1789313428,195761320,1789313428,60140683,85.60308074951172,77.5388412475586,135.40838623046875,1789313428,194013326,83.46451814923651,79.07307473074766,135.9300101460357,2.683172,3527.069829,97.67870015550886,56.47798538208008,41.200714773428786,26678.39635249665
1789313428,695763153,1789313428,555759238,85.08561706542969,77.91373443603516,135.55230712890625,1789313428,693980311,82.92268301766185,79.4494560091248,135.91135578288657,2.676871,3529.746700,97.68068517923638,53.816810607910156,43.86387457132622,26722.260227067974
1789313429,195769413,1789313429,56179502,84.56430053710938,78.2877426147461,135.65655517578125,1789313429,193948651,82.37495268822653,79.82629256701563,135.84994248305154,2.682868,3532.429568,97.67874882060669,51.24093246459961,46.43781635600709,26768.69804342398
1789313429,695843301,1789313429,555302704,84.03883361816406,78.66081237792969,135.7196044921875,1789313429,694052393,81.82113735440825,80.20375861261556,135.74508732388884,2.701760,3535.131328,97.67718982992864,48.75052261352539,48.926667216403246,26817.624710640386
1789313430,195797062,1789313430,56197811,83.50656127929688,79.03392791748047,135.74142456054688,1789313430,193674478,81.26204817659976,80.58134951134949,135.59637637660683,2.730090,3537.861418,97.67550533452456,46.35002136230469,51.32548397221987,26868.950194612607
1789313430,695783765,1789313430,558965251,82.9637222290039,79.41072845458984,135.7226104736328,1789313430,692288687,80.6983491522268,80.95867695947204,135.40360980656692,2.762213,3540.623631,97.67777551864997,44.04256820678711,53.63520731186287,26922.58540192447
1789313431,195905615,1789313431,134091870,81.04379272460938,80.73136901855469,135.4817352294922,1789313431,193664621,80.12582045497106,81.33859304997,135.16458792656886,1.145415,3541.769047,97.60002491400677,41.81216049194336,55.78786442206342,26978.37326634653
1789313431,695833309,1789313431,629801721,80.7098388671875,80.95802307128906,135.47547912597656,1789313431,692127376,79.55103829477687,81.71678056548342,134.88158968657166,1.507062,3543.276109,97.53248885726732,39.68492126464844,57.84756759261887,27036.22083393915
1789313432,195762727,1789313432,130746968,80.60797119140625,81.03068542480469,135.48629760742188,1789313432,193587056,78.96724398805793,82.0977313279298,134.55082922001242,2.169257,3545.445365,97.70260325628296,37.63630294799805,60.066300308284895,27096.287134247435
1789313432,695838256,1789313432,633100366,80.55532836914062,81.07002258300781,135.45709228515625,1789313432,693688735,78.37955232628556,82.4781378710659,134.17458775065714,2.891645,3548.337010,97.38201722853101,35.68511962890625,61.696897599624776,27157.98403184706
1789313433,195778957,1789313433,130424213,80.29547119140625,81.23988342285156,135.2188720703125,1789313433,193594818,77.78667604201712,82.85889311221116,133.7518751543947,3.326759,3551.663769,97.38286587953539,33.82680130004883,63.55606457948656,27221.540096426546
1789313433,695772443,1789313433,631580987,79.80968475341797,81.55013275146484,134.8457489013672,1789313433,693720793,77.18830427503133,83.24024265634321,133.28215371321505,3.488974,3555.152743,97.58408752135219,32.06044006347656,65.52364745787563,27287.06374388442
1789313434,195784296,1789313434,132919343,79.20936584472656,81.93073272705078,134.43313598632812,1789313434,193672778,76.58486959333916,83.62195664918576,132.76548715568848,3.539671,3558.692414,97.6511727856064,30.38728904724121,67.2638837383652,27354.327627622784
1789313434,695799824,1789313434,635271199,78.56484985351562,82.34101867675781,134.01443481445312,1789313434,692115998,75.97812276079213,84.00298745623037,132.20335647936307,3.568375,3562.260789,97.67073103229474,28.811511993408203,68.85921903888652,27423.186846661672
1789313435,195777162,1789313435,130542680,77.9122085571289,82.75782012939453,133.5757293701172,1789313435,193589792,75.36259563524041,84.38680271913913,131.5903158888008,3.618836,3565.879625,97.67634544779249,27.31911849975586,70.35722694803661,27493.544073609708
1789313435,695774406,1789313435,636004900,77.26372528076172,83.17357635498047,133.09957885742188,1789313435,693585645,74.74388518700636,84.76994632482389,130.93160320062117,3.687561,3569.567187,97.67781052336944,25.923776626586914,71.75403389678252,27565.29810750649
1789313436,195901294,1789313436,131001134,76.62327575683594,83.58363342285156,132.57713317871094,1789313436,193840616,74.11992467591023,85.1537543491716,130.2250771190048,3.776799,3573.343986,97.67659218837625,24.61993408203125,73.056658106345,27638.354765612836
1789313436,695773690,1789313436,632779871,75.98883056640625,83.98664093017578,132.004638671875,1789313436,693620929,73.49174509137049,85.53764099482649,129.47188452486753,3.880191,3577.224177,97.6759211222903,23.409053802490234,74.26686731980007,27712.621632932634
1789313437,195810140,1789313437,133370169,75.35889434814453,84.38304138183594,131.38497924804688,1789313437,192506255,72.85994732832407,85.9212960079992,128.6729151239912,3.995780,3581.219957,97.67622250438741,22.291141510009766,75.38508099437763,27788.00671392701
1789313437,695791034,1789313437,631768237,74.72689819335938,84.77749633789062,130.7158660888672,1789313437,693606413,72.22066482076238,86.3071047237025,127.82315836589228,4.121731,3585.341688,97.67532177319063,21.25889778137207,76.41642399181853,27864.423137918828
1789313438,195768136,1789313438,133260140,74.09770202636719,85.16748046875,130.00267028808594,1789313438,194113894,71.57754666257586,86.6929006684383,126.92735571864142,4.258597,3589.600285,97.67458667408121,20.31772804260254,77.35685863147864,27941.779996550307
1789313438,695644539,1789313438,634359975,73.4690170288086,85.55426025390625,129.24649047851562,1789313438,694182751,70.93047802563615,87.0788072111928,125.98560840860846,4.404745,3594.005029,97.6764692449712,19.46609115600586,78.21037808896534,28019.990374639274
1789313439,195762687,1789313439,133164335,72.83914947509766,85.9357681274414,128.44619750976562,1789313439,194134450,70.27911685983517,87.46507934358104,124.99766410572606,4.559051,3598.564080,97.67487354202635,18.70220947265625,78.97266406937013,28098.963038708644
1789313439,695838059,1789313439,636844065,72.20449829101562,86.31644439697266,127.59713745117188,1789313439,692180624,69.62602843201194,87.85025658785048,123.96788670721185,4.708773,3603.272854,97.67508015524875,18.02724266052246,79.64783749472628,28178.61087620337
1789313440,195818973,1789313440,132590721,71.57784271240234,86.68949890136719,126.76800537109375,1789313440,192194508,68.96607833916065,88.23741453776714,122.88845095752114,4.926286,3608.199140,97.6702614567893,17.43450927734375,80.23575217944557,28258.846628382813
1789313440,695994596,1789313440,634693011,71.09584045410156,86.97604370117188,126.17498016357422,1789313440,692133969,68.30203759307335,88.62496339005959,121.76398288728286,5.475506,3613.674646,97.59892610732403,16.925535202026367,80.67339090529765,28339.52001928811
1789313441,195727549,1789313441,131739037,70.8420639038086,87.1271743774414,125.98371124267578,1789313441,194133433,67.63124428179509,89.01449339556004,120.59012020622544,6.554553,3620.229199,97.63911835549499,16.497194290161133,81.14192406533385,28420.661943353443
1789313441,695780168,1789313441,635874288,70.76033782958984,87.17760467529297,126.11368560791016,1789313441,693506627,66.95994056409387,89.40243145907422,119.37826566118781,8.047282,3628.276481,97.67971699992155,16.151643753051758,81.52807324686978,28502.190016600314
1789313442,195766057,1789313442,135072019,70.77175903320312,87.17220306396484,126.40401458740234,1789313442,194145822,66.28307160519336,89.79175486100169,118.11990270796879,9.779411,3638.055892,97.7003595391406,15.88416862487793,81.81619091426268,28584.006207514576
1789313442,695760947,1789313442,635239809,70.8122329711914,87.1477279663086,126.73841094970703,1789313442,694108254,65.6033117360169,90.18097085607545,116.82044421577703,11.606011,3649.661903,97.70045601556262,15.694106101989746,82.00634991357288,28666.01255742815
1789313443,195725802,1789313443,136203978,70.84680938720703,87.12457275390625,127.06663513183594,1789313443,194203169,64.91965917763196,90.57070465554983,115.47858033599296,13.464396,3663.126299,97.70517311495817,15.579103469848633,82.12606964510951,28748.13862707326
1789313443,695760752,1789313443,632362724,70.83477783203125,87.07378387451172,127.35574340820312,1789313443,694118084,64.23266750528265,90.96068992168131,114.09599636429023,15.313941,3678.440240,97.7684206666725,15.537214279174805,82.2312063874977,28830.369833460754
1789313444,195806627,1789313444,148490237,70.72295379638672,86.92498779296875,127.5248794555664,1789313444,192162619,63.54473512344333,91.34962405580856,112.67836078189902,17.074055,3695.514294,97.91158313922327,15.5660400390625,82.34554310016074,28912.715376560915

Total distance between samples,,,,,,,,,,,,TOTAL_DISTANCE,3695.514294
